iter	MultiClass
0	13.12665645
1	1953.01171
2	2184.306568
3	2232.050434
4	2333.225514
5	3604.828309
6	3704.273909
7	3809.803927
8	3684.860727
9	3345.77642
10	3124.061969
11	2914.804832
12	2703.25362
13	2821.444998
14	3179.306149
15	3019.501751
16	2949.280397
17	2931.959732
18	2950.185028
19	2907.999827
20	2980.538875
21	2995.223338
22	2884.59521
23	3041.744447
24	3386.945818
25	3182.934917
26	3435.624577
27	3208.487149
28	2927.842057
29	3241.794069
30	3460.081062
31	3327.277144
