iter	MultiClass
0	13.66546084
1	1230.910798
2	1928.773083
3	5728.642092
4	7294.499188
5	7190.586841
6	6567.813834
7	6355.411463
